Init_station,Init_time,Time,Value,Total
0.0,3.0,88.5,451889.24148300185,4591581.109630243
0.0,99.0,88.5,451451.5694479487,4591371.111656719
0.0,123.0,88.5,451509.188652875,4591391.173562648
1.0,3.0,95.54166666666667,447837.22996833734,4588648.871399239
1.0,99.0,95.58333333333333,447733.66027128743,4588568.151928208
1.0,123.0,95.70833333333333,447666.92862789927,4588537.358341202
2.0,3.0,88.5,455433.43281139596,4593063.920749381
2.0,99.0,88.5,454980.6891598315,4592881.109292838
2.0,123.0,88.5,454838.92912625254,4592846.81258959
3.0,3.0,88.5,455314.01764347975,4593152.851060589
3.0,99.0,88.5,454816.618962278,4592951.1247681305
3.0,123.0,88.5,454739.08207296487,4592934.58834924
4.0,3.0,88.5,456206.16305839375,4593409.484805068
4.0,99.0,88.5,455899.45466125687,4593263.733275428
4.0,123.0,88.5,455918.243921706,4593262.845889205
5.0,3.0,88.54166666666667,449838.3989848702,4590807.8787496155
5.0,99.0,88.54166666666667,449468.18931239017,4590571.6684945095
5.0,123.0,88.58333333333333,449165.9790484217,4590464.361613426
6.0,3.0,88.5,453499.0734108506,4592376.950415724
6.0,99.0,88.5,453157.9398324558,4592227.90617677
6.0,123.0,88.5,453233.27687263954,4592265.762483159
7.0,3.0,88.70833333333333,449009.5065943062,4589775.55724029
7.0,99.0,88.70833333333333,448416.695278574,4589422.846553946
7.0,123.0,88.70833333333333,448399.43649619445,4589429.466189806
8.0,3.0,88.5,455633.6007579036,4593232.209067943
8.0,99.0,88.5,455344.8366573573,4593098.4421300255
8.0,123.0,88.5,455304.3399941667,4593093.832272881
9.0,3.0,88.5,455557.13858639274,4593172.5840382
9.0,99.0,88.5,455288.1039668185,4593046.280455226
9.0,123.0,88.5,455098.4745431641,4593003.695607444
10.0,3.0,88.54166666666667,450748.32914817537,4591256.026519675
10.0,99.0,88.54166666666667,450399.37698695925,4591083.639689647
10.0,123.0,88.54166666666667,450360.54199143883,4591072.535529069
11.0,3.0,88.5,455099.8493392239,4593027.116633801
11.0,99.0,88.5,455014.0544139656,4592974.315484013
11.0,123.0,88.5,454833.01274314406,4592935.371407822
12.0,3.0,88.5,455576.86836780654,4593288.933326509
12.0,99.0,88.5,455090.0002029281,4593067.055486979
12.0,123.0,88.5,455392.1923682246,4593185.463354979
13.0,3.0,88.58333333333333,465178.62458782416,4594814.833976714
13.0,99.0,88.58333333333333,464292.490408374,4594602.7058569975
13.0,123.0,88.625,463975.3813920511,4594569.773693014
14.0,3.0,88.5,455664.23364345153,4593269.125250007
14.0,99.0,88.5,455055.06438912905,4593038.239447116
14.0,123.0,88.5,455288.3069796037,4593148.533693266
15.0,3.0,88.5,455662.78825806384,4593277.415944401
15.0,99.0,88.5,455316.8559356106,4593142.2100098785
15.0,123.0,88.5,454949.2344708428,4593007.366687788
16.0,3.0,88.41666666666667,455575.0734991408,4593366.804093011
16.0,99.0,88.41666666666667,455274.97230357566,4593243.09618603
16.0,123.0,88.41666666666667,455410.0676340937,4593284.8649654575
17.0,3.0,88.95833333333333,448617.60329839826,4589307.319361969
17.0,99.0,89.0,448256.64039200044,4589110.65796849
17.0,123.0,89.0,448184.26529089885,4589067.937587023
18.0,3.0,88.5,455444.81507965014,4593151.6961662825
18.0,99.0,88.5,455234.70039778284,4593018.497681335
18.0,123.0,88.5,454986.380053855,4592960.243928978
19.0,3.0,103.66666666666667,456556.12959373964,4589441.9708605055
19.0,99.0,103.75,456324.149013964,4589356.694307617
19.0,123.0,103.66666666666667,456458.578071194,4589414.633343162
20.0,3.0,88.5,456599.6660743831,4593418.103739144
20.0,99.0,88.5,456089.6111008491,4593230.609729452
20.0,123.0,88.5,455919.85273800563,4593188.494135556
21.0,3.0,88.54166666666667,450091.4455937592,4591016.295659015
21.0,99.0,88.58333333333333,449742.7804611157,4590822.212054055
21.0,123.0,88.58333333333333,449662.47564123955,4590792.4128992725
22.0,3.0,94.25,447164.60021065886,4588317.72550183
22.0,99.0,94.29166666666667,447018.90064569144,4588228.145080078
22.0,123.0,94.41666666666667,446935.9453436072,4588179.983944968
23.0,3.0,88.45833333333333,453897.0108842447,4592658.414560394
23.0,99.0,88.45833333333333,453533.9296944002,4592498.52420765
23.0,123.0,88.45833333333333,453471.52372780547,4592470.611100519
24.0,3.0,114.83333333333333,454530.10983918735,4611968.023831565
24.0,99.0,115.20833333333333,454233.9503431469,4611854.154254292
24.0,123.0,115.08333333333333,454346.84221111366,4611895.985137509
25.0,3.0,88.5,455526.8511980835,4593170.533596283
25.0,99.0,88.5,455315.4509001467,4593072.5381558975
25.0,123.0,88.5,455192.1577129446,4593041.616615389
26.0,3.0,88.5,454681.0126115115,4592947.53028615
26.0,99.0,88.5,454334.82700409833,4592798.249009726
26.0,123.0,88.5,454313.0798050341,4592797.586866241
27.0,3.0,88.5,455967.75173059036,4593421.126787592
27.0,99.0,88.5,455580.7220524502,4593256.635918334
27.0,123.0,88.45833333333333,455305.4593539927,4593184.301867492
28.0,3.0,91.5,446149.3040437873,4587044.683938859
28.0,99.0,91.625,445808.0908518574,4586842.296754669
28.0,123.0,91.54166666666667,445948.1410890226,4586920.107559209
29.0,3.0,88.625,454449.21157961024,4592451.772298802
29.0,99.0,88.625,453930.68492388795,4592270.180516432
29.0,123.0,88.70833333333333,453830.3550834769,4592193.160290606
30.0,3.0,88.45833333333333,456547.57787257776,4593612.598688886
30.0,99.0,88.45833333333333,456194.5094280292,4593468.396464992
30.0,123.0,88.45833333333333,456061.2062931667,4593425.389390128
31.0,3.0,88.5,450889.7277327218,4591416.027369279
31.0,99.0,88.54166666666667,450506.82758351334,4591243.494066128
31.0,123.0,88.54166666666667,450382.7856413129,4591198.14374431
32.0,3.0,88.5,455416.8356074874,4593250.653602755
32.0,99.0,88.5,455143.00203841715,4593099.701157239
32.0,123.0,88.5,455234.8795556744,4593178.081177985
33.0,3.0,88.5,453604.34361990524,4592454.233823203
33.0,99.0,88.5,453426.7368979822,4592355.035820203
33.0,123.0,88.5,453405.352120467,4592363.655945582
34.0,3.0,88.5,453469.5551016317,4592331.608145994
34.0,99.0,88.5,453259.9215444542,4592228.761759139
34.0,123.0,88.5,453276.9960116452,4592238.631638897
35.0,3.0,88.5,455172.88562151196,4593032.567602091
35.0,99.0,88.5,454840.20812481904,4592896.540388597
35.0,123.0,88.5,454710.36829563475,4592861.137243971
36.0,3.0,88.54166666666667,448939.59007402154,4590409.938875329
36.0,99.0,88.58333333333333,448330.43288688664,4590082.145516526
36.0,123.0,88.58333333333333,448299.93937035906,4590081.418146323
37.0,3.0,88.5,455910.40558804385,4593360.359730639
37.0,99.0,88.5,455571.1228502183,4593214.641347101
37.0,123.0,88.5,455545.45552064717,4593211.559555508
38.0,3.0,88.5,451920.31384388654,4591764.5150390165
38.0,99.0,88.5,451683.537765348,4591652.060130744
38.0,123.0,88.5,451670.15042449045,4591648.510217363
39.0,3.0,88.5,456525.870575669,4593485.767552322
39.0,99.0,88.5,456316.22465007857,4593392.366434506
39.0,123.0,88.5,455849.33213032957,4593250.923438789
40.0,3.0,111.08333333333333,460921.5410996312,4586616.036857465
40.0,99.0,111.41666666666667,460684.9948335646,4586421.298365064
40.0,123.0,111.25,460775.48575661145,4586492.333316436
41.0,3.0,88.45833333333333,455469.1040732082,4593247.560251355
41.0,99.0,88.45833333333333,455007.74061214516,4593066.184704863
41.0,123.0,88.45833333333333,455110.7454976816,4593102.23027556
42.0,3.0,88.5,451865.34446430305,4591542.6108795
42.0,99.0,88.5,451770.493599082,4591480.877753351
42.0,123.0,88.5,451777.80872811377,4591492.489568872
43.0,3.0,88.91666666666667,449028.30836605106,4589229.9374764785
43.0,99.0,88.95833333333333,448688.78153766546,4589002.558084777
43.0,123.0,89.0,448397.0132169762,4588833.014802709
44.0,3.0,88.5,453575.2961889767,4592535.531837365
44.0,99.0,88.5,453193.59116417344,4592390.275937855
44.0,123.0,88.5,453061.9180431161,4592327.649846055
45.0,3.0,88.5,453628.3989920575,4592486.574863315
45.0,99.0,88.5,453477.03410102485,4592409.490080623
45.0,123.0,88.5,453480.3996738788,4592412.879366664
46.0,3.0,90.70833333333333,446414.40384224383,4586648.682067821
46.0,99.0,90.79166666666667,446030.64062324364,4586424.306511266
46.0,123.0,90.83333333333333,446010.41430630133,4586400.012075805
47.0,3.0,88.5,455194.54875256564,4593079.245048734
47.0,99.0,88.5,454934.08565396327,4592960.197308784
47.0,123.0,88.5,454842.90491102333,4592937.099401893
48.0,3.0,89.25,446872.89798842114,4587857.144367803
48.0,99.0,89.29166666666667,446490.07917711395,4587604.695111136
48.0,123.0,89.29166666666667,446445.30132100853,4587574.065404026
49.0,3.0,94.20833333333333,447190.42992204713,4587415.713629974
49.0,99.0,94.20833333333333,446953.5467671708,4587239.591374112
49.0,123.0,94.25,446933.33637711045,4587218.322628037
50.0,3.0,88.45833333333333,453124.9928918191,4592252.054691169
50.0,99.0,88.45833333333333,452813.3071875574,4592089.559810983
50.0,123.0,88.45833333333333,452728.15258303407,4592060.617788682
51.0,3.0,88.5,456017.42292749125,4593340.450967835
51.0,99.0,88.5,455438.3265985317,4593125.466801544
51.0,123.0,88.5,455190.674669021,4593047.8205306865
52.0,3.0,88.45833333333333,455330.9990439843,4593198.136359608
52.0,99.0,88.45833333333333,454969.0043343407,4593052.290700324
52.0,123.0,88.45833333333333,454965.6962268106,4593055.413291424
53.0,3.0,88.45833333333333,455451.41261833534,4593298.963021329
53.0,99.0,88.45833333333333,455105.00816353573,4593164.873878552
53.0,123.0,88.5,455032.55816674634,4593079.734510802
54.0,3.0,88.45833333333333,455272.7760344333,4593210.560397938
54.0,99.0,88.5,454922.91066900233,4593049.081092402
54.0,123.0,88.5,454661.46438329434,4592957.687717914
55.0,3.0,88.5,457015.2924784097,4593612.813533454
55.0,99.0,88.5,456732.3952969501,4593469.920406471
55.0,123.0,88.54166666666667,457002.9658968839,4593432.96884552
56.0,3.0,88.45833333333333,451875.8369951411,4591756.192363102
56.0,99.0,88.45833333333333,451527.04645820556,4591567.735994763
56.0,123.0,88.45833333333333,451450.10965434916,4591556.142408356
57.0,3.0,88.54166666666667,452137.2338839385,4591830.147867268
57.0,99.0,88.54166666666667,451550.8320962597,4591556.368774507
57.0,123.0,88.54166666666667,451460.1289917149,4591524.461228231
58.0,3.0,90.125,443332.25386282656,4584444.207591752
58.0,99.0,90.16666666666667,443113.13040127204,4584303.597974205
58.0,123.0,90.16666666666667,443109.252356473,4584315.389834117
59.0,3.0,101.66666666666667,459753.52683027234,4589800.405387436
59.0,99.0,101.79166666666667,459661.11501581734,4589689.686856428
59.0,123.0,101.875,459579.60250940546,4589681.399542943
60.0,3.0,96.54166666666667,450509.62778006674,4590371.516133942
60.0,99.0,96.66666666666667,450345.95361330255,4590287.847792166
60.0,123.0,96.625,450403.1477235856,4590316.995736679
61.0,3.0,89.33333333333333,445890.99375478714,4587112.611396087
61.0,99.0,89.375,445592.2902290324,4586921.59208509
61.0,123.0,89.41666666666667,445349.13402767,4586773.156423435
62.0,3.0,88.5,455761.67441949015,4593259.98222756
62.0,99.0,88.5,455341.47999879596,4593109.14051185
62.0,123.0,88.5,455208.7327464465,4593061.756062556
63.0,3.0,88.5,455742.2577745345,4593334.689760954
63.0,99.0,88.5,455266.60530337127,4593136.457913488
63.0,123.0,88.5,454897.5228468487,4592956.606476374
64.0,3.0,88.5,455578.81618059985,4593233.686595017
64.0,99.0,88.5,455689.97203749337,4593184.504675445
64.0,123.0,88.5,455275.6396746391,4593107.484000903
65.0,3.0,92.16666666666667,444377.19199895684,4585473.705357112
65.0,99.0,92.29166666666667,443995.5215143477,4585234.404968529
65.0,123.0,92.29166666666667,444033.4432059261,4585246.339855728
66.0,3.0,90.58333333333333,448440.7695994475,4588859.51900729
66.0,99.0,90.70833333333333,448101.34000060253,4588677.50573919
66.0,123.0,90.75,448070.80121588556,4588647.026469027
67.0,3.0,88.5,454160.44259573356,4592586.1641698815
67.0,99.0,88.5,453931.7241536804,4592486.552386656
67.0,123.0,88.5,453784.8706421705,4592437.511592764
68.0,3.0,88.58333333333333,449876.4688695497,4590780.248428721
68.0,99.0,88.58333333333333,449413.3800783969,4590542.791605718
68.0,123.0,88.58333333333333,449256.7909827301,4590471.084768338
69.0,3.0,88.58333333333333,459365.9287517369,4593618.812659208
69.0,99.0,88.58333333333333,459161.3267224268,4593535.659802542
69.0,123.0,88.58333333333333,458880.3771003388,4593418.528377697
70.0,3.0,88.5,455743.95643967926,4593204.796675518
70.0,99.0,88.5,455595.33918447135,4593139.584827008
70.0,123.0,88.5,455528.92018743075,4593124.606153149
71.0,3.0,88.54166666666667,460290.1688251754,4593580.622762471
71.0,99.0,88.54166666666667,459930.0971121219,4593354.027800769
71.0,123.0,88.54166666666667,459923.11113777617,4593413.8351400485
72.0,3.0,88.5,455319.14937361574,4593064.638284198
72.0,99.0,88.5,455182.2277587282,4592999.444041677
72.0,123.0,88.5,455127.8572205825,4592991.93816259
73.0,3.0,88.5,455606.364376785,4593146.595440712
73.0,99.0,88.5,455314.86250737205,4593026.523713153
73.0,123.0,88.5,455216.2410867249,4592994.768844062
74.0,3.0,90.58333333333333,448089.7647257952,4588115.926314399
74.0,99.0,90.625,447886.46638646733,4587995.817621807
74.0,123.0,90.625,447896.4982778281,4588000.299905353
75.0,3.0,90.79166666666667,441848.5777729843,4583130.068884468
75.0,99.0,90.83333333333333,441633.81759998563,4582976.189152831
75.0,123.0,90.875,441604.9715009501,4582954.773018783
76.0,3.0,88.5,453904.06971901085,4592604.7178912135
76.0,99.0,88.5,453741.04440065083,4592516.306216276
76.0,123.0,88.5,453684.1580522385,4592505.479593258
77.0,3.0,88.5,455955.1359677468,4593187.554083898
77.0,99.0,88.5,455727.2953767966,4593093.147169571
77.0,123.0,88.5,455699.2153938345,4593077.026785549
78.0,3.0,88.5,455469.05815962714,4593153.3631057795
78.0,99.0,88.5,455075.78360373457,4592986.470359119
78.0,123.0,88.5,454944.7197562448,4592966.632620679
79.0,3.0,88.5,452452.563376376,4592122.361595916
79.0,99.0,88.5,451708.60550967744,4591782.184899974
79.0,123.0,88.5,451647.31484505,4591760.665056802
80.0,3.0,93.16666666666667,439732.78794190206,4583914.722362837
80.0,99.0,93.25,439446.63745882007,4583728.682072429
80.0,123.0,93.33333333333333,439384.4470220058,4583680.905388152
81.0,3.0,88.91666666666667,447572.7091104564,4588846.708753504
81.0,99.0,88.95833333333333,447008.2144250738,4588521.635237364
81.0,123.0,89.0,446953.5371105874,4588484.658493971
82.0,3.0,109.08333333333333,458940.29091098486,4590707.318996053
82.0,99.0,109.16666666666667,458838.2109443286,4590618.2101219
82.0,123.0,109.16666666666667,458868.75253126415,4590659.079575398
83.0,3.0,88.66666666666667,449266.4615450159,4590555.719386928
83.0,99.0,88.70833333333333,448884.51973213215,4590336.004255598
83.0,123.0,88.70833333333333,448892.23224508396,4590350.059723521
84.0,3.0,89.0,445185.125536319,4587447.511571839
84.0,99.0,89.04166666666667,444785.3902940516,4587190.618163224
84.0,123.0,89.04166666666667,444695.2876963507,4587125.24902745
85.0,3.0,88.5,451314.2991944033,4591742.47277152
85.0,99.0,88.5,450863.99546583963,4591533.2270357935
85.0,123.0,88.5,450785.11713076837,4591509.660501048
86.0,3.0,98.33333333333333,445893.74913604,4586910.00329596
86.0,99.0,98.58333333333333,445645.6170095969,4586752.751165114
86.0,123.0,98.54166666666667,445683.8065509101,4586775.763585878
87.0,3.0,88.45833333333333,452541.2120552213,4592067.069585916
87.0,99.0,88.45833333333333,452173.9602641284,4591894.387153914
87.0,123.0,88.45833333333333,452081.0083713438,4591837.12338344
88.0,3.0,88.45833333333333,454346.68131644325,4592815.286172075
88.0,99.0,88.45833333333333,454091.05732227257,4592695.853913778
88.0,123.0,88.45833333333333,453980.02545423264,4592655.8899322
89.0,3.0,88.45833333333333,453914.7396626024,4592615.264929021
89.0,99.0,88.45833333333333,453679.3574049965,4592493.187886367
89.0,123.0,88.45833333333333,453427.770761732,4592401.48772913
90.0,3.0,88.5,452754.12006617617,4592216.216491226
90.0,99.0,88.5,452215.28871203016,4591978.847288183
90.0,123.0,88.5,452237.229671793,4591996.530605995
91.0,3.0,90.66666666666667,441611.0485015836,4583753.719396075
91.0,99.0,90.75,441211.427457318,4583467.404326791
91.0,123.0,90.79166666666667,441117.4681312926,4583395.961721119
92.0,3.0,88.66666666666667,447572.0420201329,4589565.989675563
92.0,99.0,88.66666666666667,447185.2520406154,4589362.514516637
92.0,123.0,88.66666666666667,446993.7489356862,4589251.996514156
93.0,3.0,88.5,454732.26485184487,4592930.346392261
93.0,99.0,88.5,454262.3067658245,4592740.271137638
93.0,123.0,88.5,454127.2395124937,4592695.099886341
94.0,3.0,98.25,451176.1837187083,4590442.0087997
94.0,99.0,98.33333333333333,451100.8138744943,4590377.005994452
94.0,123.0,98.33333333333333,451077.3455487953,4590389.497069058
95.0,3.0,91.0,449624.4227213821,4589081.241624119
95.0,99.0,91.08333333333333,449305.99422033847,4588916.061989437
95.0,123.0,91.16666666666667,449197.60785669985,4588856.860142089
96.0,3.0,88.5,456077.8255429167,4593395.564221056
96.0,99.0,88.5,455654.50432004465,4593255.541423621
96.0,123.0,88.5,455662.94944853126,4593254.69628956
97.0,3.0,88.5,454356.807154424,4592673.454578487
97.0,99.0,88.5,454077.5641558476,4592545.069809117
97.0,123.0,88.5,454080.15521528915,4592548.55396436
98.0,3.0,88.5,455979.18489354814,4593287.239116946
98.0,99.0,88.5,455780.5322068945,4593181.360130528
98.0,123.0,88.5,455544.4186351003,4593089.009701167
99.0,3.0,88.5,455025.2385360333,4593019.301579792
99.0,99.0,88.5,454755.57713787607,4592909.549494084
99.0,123.0,88.5,454750.98994950304,4592913.54884802
100.0,3.0,89.45833333333333,466269.63601547026,4590470.795282979
100.0,99.0,89.5,466300.5370246726,4590348.708810173
100.0,123.0,89.5,465798.05222642643,4590258.132317778
101.0,3.0,88.5,455458.56787966774,4593080.433232669
101.0,99.0,88.5,455102.2882218872,4592963.574063414
101.0,123.0,88.5,454989.48503197415,4592913.360695
102.0,3.0,88.45833333333333,456575.8318702037,4593657.393529259
102.0,99.0,88.45833333333333,455732.2418650571,4593321.837571761
102.0,123.0,88.45833333333333,455965.7274623295,4593403.878653144
103.0,3.0,88.45833333333333,453053.2568947225,4592409.882207514
103.0,99.0,88.45833333333333,452767.2104628751,4592299.851665683
103.0,123.0,88.45833333333333,452770.649257838,4592287.970537474
104.0,3.0,88.5,454604.44478597736,4592730.32727652
104.0,99.0,88.5,454403.62754972477,4592636.415835131
104.0,123.0,88.5,454321.1657698411,4592607.4152593445
105.0,3.0,88.5,453251.24386226176,4592324.440132528
105.0,99.0,88.5,452880.5471832455,4592158.065037688
105.0,123.0,88.5,452803.9738388467,4592134.874610787
106.0,3.0,88.5,455419.0885365559,4593145.0639879815
106.0,99.0,88.5,455013.3105342479,4592976.545871846
106.0,123.0,88.5,455043.84205550764,4592996.318337413
107.0,3.0,88.5,455329.828867611,4593148.63789769
107.0,99.0,88.5,455115.6159107696,4593072.966227328
107.0,123.0,88.5,454944.21112985234,4593015.41135674
108.0,3.0,88.5,455125.7503515743,4593052.323871566
108.0,99.0,88.5,454841.20036452153,4592909.025884216
108.0,123.0,88.5,454585.7435192284,4592837.466705037
109.0,3.0,88.5,455676.19869774516,4593233.348538464
109.0,99.0,88.5,455292.0685430113,4593094.576356016
109.0,123.0,88.5,455389.726397311,4593119.273228337
110.0,3.0,88.5,451848.20399779157,4591486.673407022
110.0,99.0,88.54166666666667,451417.3552151288,4591257.199240049
110.0,123.0,88.54166666666667,451353.17647240346,4591216.548174538
111.0,3.0,95.375,443320.6250926939,4585346.3972384855
111.0,99.0,95.54166666666667,443062.66186915594,4585174.744624769
111.0,123.0,95.54166666666667,442988.9932870052,4585136.969412722
112.0,3.0,88.5,457117.5515336812,4593625.896919243
112.0,99.0,88.5,456690.0563081085,4593477.907120583
112.0,123.0,88.5,456200.44636836863,4593335.415819086
113.0,3.0,88.5,453703.8658067249,4592569.975344948
113.0,99.0,88.5,453253.23505318677,4592377.829635416
113.0,123.0,88.5,453254.2143282819,4592386.492499858
114.0,3.0,90.875,448940.2563281709,4589270.132828804
114.0,99.0,91.04166666666667,448667.1396035604,4589103.512375556
114.0,123.0,91.08333333333333,448531.2327538028,4589047.691396171
115.0,3.0,88.5,456121.33768273867,4593368.254919235
115.0,99.0,88.5,455660.840101219,4593224.666023798
115.0,123.0,88.5,455169.96996560146,4593051.859370186
116.0,3.0,88.5,454761.3429168626,4593016.90023211
116.0,99.0,88.5,454341.50393683574,4592830.3596537355
116.0,123.0,88.5,454508.68204223627,4592911.607766163
117.0,3.0,88.875,449066.6622483658,4590041.676274628
117.0,99.0,88.91666666666667,448762.404262688,4589846.5465449635
117.0,123.0,88.91666666666667,448685.41027460864,4589795.876350498
118.0,3.0,88.5,455869.4571112587,4593276.570560614
118.0,99.0,88.5,455128.8137171468,4593083.036039956
118.0,123.0,88.5,455370.7548860534,4593104.6408521915
119.0,3.0,88.66666666666667,451520.9544221379,4591232.753572676
119.0,99.0,88.54166666666667,451924.9454409471,4591316.50482805
119.0,123.0,88.45833333333333,453076.9655102281,4592134.461991945
120.0,3.0,88.5,454782.62149964785,4592868.802268768
120.0,99.0,88.5,454499.0097167311,4592740.494585816
120.0,123.0,88.5,454399.8130211176,4592716.704017977
121.0,3.0,88.54166666666667,450119.3575435878,4590647.910722718
121.0,99.0,88.54166666666667,449885.2055237073,4590485.012128068
121.0,123.0,88.54166666666667,449764.82146494486,4590426.525616616
122.0,3.0,88.5,455304.9340303711,4593144.763783358
122.0,99.0,88.5,454934.62614118465,4592981.725414353
122.0,123.0,88.5,454724.14538058714,4592923.857682028
123.0,3.0,88.5,456601.57151993894,4593529.120584987
123.0,99.0,88.5,456524.40524428576,4593482.045188008
123.0,123.0,88.5,455623.6260191534,4593186.947398726
124.0,3.0,102.58333333333333,455951.3976888332,4586603.770242052
124.0,99.0,102.54166666666667,456032.98999850894,4586712.602058536
124.0,123.0,102.5,456205.2081023452,4586775.716785274
125.0,3.0,88.5,456346.533564169,4593378.9908464
125.0,99.0,88.5,455880.6212218682,4593175.371876194
125.0,123.0,88.5,455896.4183611125,4593171.04649785
126.0,3.0,90.54166666666667,447236.5933858697,4588300.483619932
126.0,99.0,90.58333333333333,447040.55358531524,4588190.810416009
126.0,123.0,90.54166666666667,447101.6293834248,4588233.79206297
127.0,3.0,88.5,454822.475278412,4593033.610442504
127.0,99.0,88.5,454486.4587564562,4592887.992781673
127.0,123.0,88.5,454485.1928563959,4592895.83785677
128.0,3.0,88.5,456134.48729978944,4593349.9776919335
128.0,99.0,88.5,455921.9457402659,4593239.079466478
128.0,123.0,88.5,455798.44000293803,4593190.120814386
129.0,3.0,88.5,454873.9285961853,4592962.062700912
129.0,99.0,88.5,454609.7942513876,4592847.538681015
129.0,123.0,88.5,454631.6542374356,4592858.630086725
130.0,3.0,88.5,452837.5121763955,4592174.8527321415
130.0,99.0,88.5,452396.893082137,4591982.665708302
130.0,123.0,88.5,452284.3310923041,4591935.78576371
131.0,3.0,88.5,455193.93881910964,4593063.720642792
131.0,99.0,88.5,455047.746016153,4592990.041860753
131.0,123.0,88.5,455100.143562173,4592995.695847314
132.0,3.0,88.83333333333333,449006.86995291826,4590243.927337857
132.0,99.0,88.79166666666667,448909.4035291984,4590167.258476563
132.0,123.0,88.79166666666667,448838.3995749321,4590150.845332317
133.0,3.0,90.41666666666667,447551.24771174905,4588283.202831022
133.0,99.0,90.5,447177.4648880467,4588076.292335325
133.0,123.0,90.5,447161.10192285513,4588058.688567389
134.0,3.0,88.5,454971.372850431,4593067.826086228
134.0,99.0,88.5,454509.8426635602,4592871.661495664
134.0,123.0,88.5,454601.0040544672,4592936.114710341
135.0,3.0,88.5,456193.5506336766,4593378.562890179
135.0,99.0,88.5,455990.72230849066,4593284.191144213
135.0,123.0,88.5,455182.5914048327,4593048.14154822
136.0,3.0,88.5,454951.04737645545,4593017.446622288
136.0,99.0,88.5,454833.710176225,4592969.772183089
136.0,123.0,88.5,454605.14331237646,4592896.611530965
137.0,3.0,92.375,442334.1243475371,4584014.059674725
137.0,99.0,92.45833333333333,441975.95367552433,4583765.968620434
137.0,123.0,92.5,441936.3187168626,4583727.777858762
138.0,3.0,88.5,453244.13905326754,4592272.185798075
138.0,99.0,88.5,452797.7481345331,4592069.315515286
138.0,123.0,88.5,452636.75866231014,4592007.482422887
139.0,3.0,88.45833333333333,453447.5402474883,4592411.882926821
139.0,99.0,88.45833333333333,453037.1629563397,4592205.629064018
139.0,123.0,88.45833333333333,452995.8567952941,4592206.953258269
140.0,3.0,90.0,446086.6943506187,4587445.054093214
140.0,99.0,90.04166666666667,445819.8212230306,4587285.81253503
140.0,123.0,90.08333333333333,445778.97691475984,4587261.225752879
141.0,3.0,89.41666666666667,448323.21865605976,4588667.368531818
141.0,99.0,89.5,447930.78012597177,4588396.306406578
141.0,123.0,89.54166666666667,447849.525207764,4588348.347278913
142.0,3.0,88.5,453686.5789273095,4592577.739783368
142.0,99.0,88.5,453263.14187528985,4592393.478129068
142.0,123.0,88.5,453278.1187035588,4592408.352974517
143.0,3.0,88.5,455925.5785853636,4593253.359486606
143.0,99.0,88.5,455634.2144451879,4593125.170569986
143.0,123.0,88.5,455285.67047332716,4593009.689688017
144.0,3.0,88.5,454088.1687194591,4592697.904046426
144.0,99.0,88.5,453728.38096115825,4592553.0876308195
144.0,123.0,88.5,453643.9265844585,4592519.05209016
145.0,3.0,88.5,455282.89921074,4593108.663892666
145.0,99.0,88.5,455014.412341533,4592972.634868512
145.0,123.0,88.5,454960.60353187704,4592968.088712987
146.0,3.0,88.5,452734.6947085303,4592079.354680306
146.0,99.0,88.45833333333333,452316.5679363737,4591866.119189056
146.0,123.0,88.5,452270.78178340575,4591822.130103424
147.0,3.0,88.5,454984.98248549085,4593000.039964743
147.0,99.0,88.5,454631.29693542316,4592861.539608784
147.0,123.0,88.5,454595.65379244345,4592850.783965811
148.0,3.0,92.20833333333333,448812.25820907054,4589425.977805207
148.0,99.0,92.375,448619.2344223667,4589296.06404454
148.0,123.0,92.375,448590.10362431244,4589290.139294859
149.0,3.0,88.5,453355.0652874231,4592222.76511078
149.0,99.0,88.5,453158.09009091376,4592137.103605591
149.0,123.0,88.5,453010.1049450174,4592065.845745465
150.0,3.0,120.29166666666667,457817.7716957866,4610138.428083185
150.0,99.0,120.66666666666667,457531.2334616139,4610034.027331289
150.0,123.0,120.54166666666667,457652.4375678858,4610073.797580577
151.0,3.0,95.29166666666667,439287.00154138915,4582848.845733738
151.0,99.0,95.375,439229.50445620506,4582793.634244248
151.0,123.0,95.45833333333333,439031.20049476187,4582663.280134119
152.0,3.0,88.5,454179.6313255509,4592722.584821137
152.0,99.0,88.5,453663.27905573556,4592498.535888286
152.0,123.0,88.5,453476.2404634302,4592433.08353915
153.0,3.0,88.54166666666667,452754.36063163285,4591821.366416789
153.0,99.0,88.54166666666667,452737.0000395429,4591777.395544592
153.0,123.0,88.54166666666667,452592.0254391385,4591738.228738295
154.0,3.0,90.625,443600.20079256175,4584604.535086866
154.0,99.0,90.70833333333333,443295.07218358817,4584403.972928577
154.0,123.0,90.70833333333333,443303.40446830436,4584406.3728282
155.0,3.0,88.5,452693.0345665929,4592059.309822076
155.0,99.0,88.5,452350.7988444343,4591902.8182546925
155.0,123.0,88.5,452370.36295511737,4591918.694369054
156.0,3.0,88.54166666666667,451736.64474915667,4591617.920066947
156.0,99.0,88.54166666666667,451522.9937883065,4591508.167812463
156.0,123.0,88.54166666666667,451417.7033057207,4591468.946192022
157.0,3.0,92.375,443740.20390884485,4585220.421848406
157.0,99.0,92.45833333333333,443543.73003560194,4585089.284252554
157.0,123.0,92.5,443583.0550288294,4585109.864533419
158.0,3.0,88.70833333333333,449673.60272342426,4590256.149116939
158.0,99.0,88.66666666666667,449681.95272667275,4590279.0951665435
158.0,123.0,88.66666666666667,450038.3318797491,4590497.143055825
159.0,3.0,88.5,453506.5390096903,4592351.41637858
159.0,99.0,88.5,453281.1410884011,4592248.354353614
159.0,123.0,88.5,453491.11040394014,4592331.332367757
160.0,3.0,88.5,454399.1481495764,4592707.041104772
160.0,99.0,88.5,454263.52894503897,4592645.332621209
160.0,123.0,88.5,454338.3478322512,4592690.40468532
161.0,3.0,88.5,454603.12152441824,4592848.212146503
161.0,99.0,88.5,454349.0445880881,4592734.555945354
161.0,123.0,88.5,454277.5363575533,4592716.380015385
162.0,3.0,88.625,449803.35866813594,4590666.11401649
162.0,99.0,88.58333333333333,450127.3223923411,4590845.928621726
162.0,123.0,88.625,449234.4017582821,4590396.126126323
163.0,3.0,88.5,453014.6096639928,4592212.3166845525
163.0,99.0,88.5,452671.4260063064,4592060.053594649
163.0,123.0,88.5,452644.8743294302,4592052.374118166
164.0,3.0,88.5,456339.54598859686,4593381.54742452
164.0,99.0,88.5,455858.73623331264,4593215.623863857
164.0,123.0,88.5,455720.5697670424,4593157.788230351
165.0,3.0,88.5,456694.3440113518,4593583.983298607
165.0,99.0,88.5,456174.5082194079,4593387.138987158
165.0,123.0,88.5,455708.2029231937,4593258.973966198
166.0,3.0,88.5,454602.2476865981,4592795.779712163
166.0,99.0,88.5,454339.8322644016,4592690.651244905
166.0,123.0,88.5,454299.9577784145,4592681.106175212
167.0,3.0,88.5,451288.71084716916,4591515.470110286
167.0,99.0,88.5,450920.28790849017,4591336.003284525
167.0,123.0,88.5,450775.8030666959,4591279.437641492
168.0,3.0,88.5,455398.2331707108,4593184.953504024
168.0,99.0,88.5,455091.38681945624,4593058.493749831
168.0,123.0,88.5,454972.04882773774,4593061.7500389675
169.0,3.0,88.5,454859.83453948196,4593010.433567002
169.0,99.0,88.5,454576.174242543,4592884.884703911
169.0,123.0,88.5,454490.7472044519,4592856.422666255
170.0,3.0,88.5,455376.3995770983,4593150.306382238
170.0,99.0,88.5,455020.4986252786,4592998.520917157
170.0,123.0,88.5,455065.2545824923,4593020.618831927
171.0,3.0,88.45833333333333,453692.2770118136,4592580.63278326
171.0,99.0,88.45833333333333,453245.51892963855,4592386.885612749
171.0,123.0,88.45833333333333,453162.5240353535,4592355.422007612
172.0,3.0,109.58333333333333,462325.8886724975,4589727.625568753
172.0,99.0,109.375,462509.36325014767,4589887.9776550215
172.0,123.0,109.45833333333333,462559.42775583424,4589800.819183681
173.0,3.0,88.54166666666667,450840.56873000844,4590889.99265806
173.0,99.0,88.58333333333333,450360.7020299154,4590607.795123925
173.0,123.0,88.58333333333333,450239.5047646358,4590536.807696682
174.0,3.0,88.5,452448.10026602366,4591974.737868081
174.0,99.0,88.5,452144.21082446864,4591835.547077376
174.0,123.0,88.5,452088.76972056564,4591814.961504971
175.0,3.0,88.5,451951.5012806542,4591709.276428021
175.0,99.0,88.5,451489.1933067603,4591493.791851712
175.0,123.0,88.5,451456.6076710909,4591490.874669971
176.0,3.0,88.58333333333333,450680.0834295396,4590987.866734753
176.0,99.0,88.58333333333333,450427.79810654355,4590843.022857711
176.0,123.0,88.58333333333333,450413.053506601,4590845.19175538
177.0,3.0,88.5,454353.4871129944,4592784.575735931
177.0,99.0,88.5,454197.39761031664,4592711.343210535
177.0,123.0,88.5,454281.42963797145,4592757.271499528
178.0,3.0,88.66666666666667,449213.10907678294,4590195.396956221
178.0,99.0,88.66666666666667,448704.70666800765,4589915.033477903
178.0,123.0,88.66666666666667,448852.34797262633,4590002.035152073
179.0,3.0,92.29166666666667,444662.8460595487,4586037.62226936
179.0,99.0,92.33333333333333,444542.66134508187,4585938.199801588
179.0,123.0,92.33333333333333,444510.5918248072,4585927.054629002
180.0,3.0,89.08333333333333,451611.7356869136,4590496.099552186
180.0,99.0,89.125,451326.20701246185,4590338.728636036
180.0,123.0,89.08333333333333,451299.89791392884,4590354.748842434
181.0,3.0,88.54166666666667,450883.35853682784,4591267.41811999
181.0,99.0,88.54166666666667,450588.3370458276,4591136.513948881
181.0,123.0,88.54166666666667,450463.39014928206,4591075.716945591
182.0,3.0,88.5,453892.80557195214,4592590.478365919
182.0,99.0,88.5,453839.2354143588,4592549.687265425
182.0,123.0,88.5,453718.56405807787,4592511.869083045
183.0,3.0,88.5,454258.3358299094,4592707.50300427
183.0,99.0,88.5,454085.65578143235,4592644.352110469
183.0,123.0,88.5,453920.0554785204,4592589.974636657
184.0,3.0,88.54166666666667,451061.0172266895,4590892.277486152
184.0,99.0,88.58333333333333,450734.6608951031,4590663.50123308
184.0,123.0,88.58333333333333,450666.4153627623,4590641.617275074
185.0,3.0,88.5,455060.03470262745,4592798.09398875
185.0,99.0,88.5,454973.2082571076,4592760.724057565
185.0,123.0,88.5,454805.44275284675,4592715.214437373
186.0,3.0,88.5,457587.318955526,4593598.328786621
186.0,99.0,88.5,456237.98945945315,4593270.933998967
186.0,123.0,88.5,456101.7037603822,4593253.403477093
187.0,3.0,88.54166666666667,450982.07621134573,4590952.064306674
187.0,99.0,88.58333333333333,450441.3332314171,4590636.454992013
187.0,123.0,88.58333333333333,450480.46325912053,4590672.790334241
188.0,3.0,88.58333333333333,451785.7508694453,4591390.493214466
188.0,99.0,88.54166666666667,451812.13102852553,4591385.554860767
188.0,123.0,88.54166666666667,451905.48867032764,4591439.842475924
189.0,3.0,88.79166666666667,448100.4053666862,4588612.899778282
189.0,99.0,88.83333333333333,447718.7733670347,4588350.6391417775
189.0,123.0,88.83333333333333,447638.2993396057,4588298.588895543
190.0,3.0,88.5,455648.4356927343,4593265.599222473
190.0,99.0,88.5,455280.2047295942,4593121.039943391
190.0,123.0,88.5,455076.09274105605,4593049.5863335375
191.0,3.0,88.95833333333333,447963.33340641187,4589001.383092776
191.0,99.0,88.95833333333333,447602.79195329564,4588792.043963661
191.0,123.0,89.0,447464.02350741165,4588698.947870546
192.0,3.0,88.5,455072.44230451994,4593082.506183851
192.0,99.0,88.5,454948.55174003344,4593013.293609351
192.0,123.0,88.5,454974.7080136887,4593033.567773861
193.0,3.0,89.04166666666667,449020.88487200474,4589982.764705622
193.0,99.0,89.04166666666667,448765.5578696489,4589838.446146783
193.0,123.0,89.04166666666667,448693.83127769263,4589810.150407702
194.0,3.0,88.5,456824.3536219734,4593571.428441251
194.0,99.0,88.5,456477.40061435505,4593420.526307331
194.0,123.0,88.5,455379.1016267186,4593125.171116767
195.0,3.0,88.5,454860.37298154546,4592986.928095205
195.0,99.0,88.5,454297.71087998466,4592759.470439892
195.0,123.0,88.5,454270.9959395124,4592758.25448462
196.0,3.0,88.5,455118.8737284485,4593063.392246158
196.0,99.0,88.5,454922.3781783217,4592967.323533097
196.0,123.0,88.5,454834.5214140547,4592948.970074074
197.0,3.0,88.5,454250.6080892475,4592764.580440028
197.0,99.0,88.5,453833.9855321342,4592591.29670231
197.0,123.0,88.5,453717.01435177017,4592550.343202611
198.0,3.0,88.5,452883.41128378303,4592236.581582589
198.0,99.0,88.5,452736.81990315765,4592161.6677899975
198.0,123.0,88.5,452701.8069910029,4592153.456557263
199.0,3.0,88.5,455416.44544694957,4593233.4088411145
199.0,99.0,88.5,455243.1975051023,4593133.501065115
199.0,123.0,88.5,455146.4287926137,4593111.370924494
200.0,3.0,88.54166666666667,450815.3161418743,4591355.775091493
200.0,99.0,88.54166666666667,450410.24593444786,4591153.4709877465
200.0,123.0,88.58333333333333,450300.8569960593,4591110.785538191
201.0,3.0,88.5,452967.2501210839,4592236.4683170235
201.0,99.0,88.5,452546.37864699186,4592059.587963904
201.0,123.0,88.5,452459.0889066952,4592023.257291767
202.0,3.0,88.5,455410.4744492853,4593147.082031196
202.0,99.0,88.5,455048.70067250635,4593021.757649705
202.0,123.0,88.5,455078.48083440063,4593013.037375988
203.0,3.0,88.625,447802.10299627227,4589749.584248222
203.0,99.0,88.625,447161.03716958396,4589405.904660219
203.0,123.0,88.625,447147.1365320673,4589394.285274882
204.0,3.0,88.45833333333333,455380.06975418795,4593221.895247812
204.0,99.0,88.45833333333333,455224.1056254741,4593152.461762745
204.0,123.0,88.45833333333333,455096.2383114082,4593117.691665055
205.0,3.0,94.625,439301.12586743454,4582641.99229365
205.0,99.0,94.79166666666667,438939.9335042711,4582379.285714523
205.0,123.0,94.79166666666667,438942.19217180146,4582383.000436634
206.0,3.0,88.5,455124.5573129205,4593162.247604409
206.0,99.0,88.45833333333333,454826.12655769795,4593040.152018536
206.0,123.0,88.5,454821.85010479507,4593024.208079202
207.0,3.0,97.79166666666667,438443.07950779673,4581872.560904713
207.0,99.0,97.95833333333333,438257.56563655747,4581733.174411399
207.0,123.0,98.0,438126.46982645907,4581640.529778722
208.0,3.0,88.5,453613.85110461316,4592570.69041581
208.0,99.0,88.5,453449.7036466494,4592512.4030186925
208.0,123.0,88.5,453305.97896433447,4592454.645411195
209.0,3.0,88.58333333333333,452026.19411562756,4591566.960062591
209.0,99.0,88.58333333333333,451839.48730260297,4591429.262915527
209.0,123.0,88.58333333333333,451967.54308380355,4591520.65697462
210.0,3.0,88.5,455767.7305825454,4593322.304157082
210.0,99.0,88.5,455474.5682302759,4593186.126369277
210.0,123.0,88.5,455574.096674405,4593227.574237309
211.0,3.0,88.5,455656.8994078998,4593280.523389435
211.0,99.0,88.5,455378.97436018777,4593153.954273112
211.0,123.0,88.5,455247.8126966419,4593116.550154908
212.0,3.0,88.5,452539.10268763686,4592196.8349725995
212.0,99.0,88.5,452029.28480974794,4591973.627373792
212.0,123.0,88.5,452224.13053101953,4592058.427589877
213.0,3.0,92.54166666666667,446851.6008887058,4587466.941071466
213.0,99.0,92.58333333333333,446748.8663234513,4587389.94634199
213.0,123.0,92.625,446672.40649125515,4587344.111632443
214.0,3.0,88.5,453918.4829834428,4592705.9591851495
214.0,99.0,88.45833333333333,453504.67218367616,4592533.111017343
214.0,123.0,88.5,453451.65310315613,4592515.551954957
215.0,3.0,88.5,455682.37071078125,4593273.4171699695
215.0,99.0,88.5,455492.3597788593,4593168.9698371
215.0,123.0,88.5,455264.54186364455,4593109.337066326
216.0,3.0,88.5,455479.6070553472,4593168.815030523
216.0,99.0,88.5,455280.58103642886,4593077.893762941
216.0,123.0,88.5,455152.73359621677,4593055.7038755445
217.0,3.0,88.5,456840.481689933,4593519.210471736
217.0,99.0,88.5,456476.4679869439,4593359.821756015
217.0,123.0,88.5,456072.72202079697,4593238.556790553
218.0,3.0,88.5,455550.89289640717,4593269.675122911
218.0,99.0,88.5,455039.950635214,4593077.631219791
218.0,123.0,88.5,455055.00903725205,4593075.56728367
219.0,3.0,88.5,455786.69492772873,4593215.664318236
219.0,99.0,88.5,456025.8543709705,4593245.618913698
219.0,123.0,88.5,454946.361449262,4592972.297767289
220.0,3.0,88.5,456160.65028601047,4593482.2223524805
220.0,99.0,88.5,455898.9230529101,4593358.778964851
220.0,123.0,88.5,455532.579406352,4593236.308400304
221.0,3.0,90.33333333333333,447210.7948104859,4587305.6682719365
221.0,99.0,90.375,446880.6592043246,4587107.335085304
221.0,123.0,90.41666666666667,446859.8703758253,4587098.82008093
222.0,3.0,88.5,456160.671971673,4593367.855467446
222.0,99.0,88.5,456157.3159061609,4593317.543860214
222.0,123.0,88.5,456311.91931496473,4593346.157919876
223.0,3.0,89.08333333333333,447901.14390561514,4588867.901927155
223.0,99.0,89.16666666666667,447374.049196425,4588550.378586961
223.0,123.0,89.16666666666667,447291.8501224936,4588515.091826088
224.0,3.0,88.5,455564.31186735025,4593217.654469853
224.0,99.0,88.5,455856.85173093044,4593101.264650459
224.0,123.0,88.5,455239.40514358436,4593097.8973845765
225.0,3.0,88.5,455102.7773377255,4592967.798414547
225.0,99.0,88.5,454820.0516693988,4592846.6986336205
225.0,123.0,88.5,454724.0898029079,4592817.776941078
226.0,3.0,88.5,455054.1884535334,4592997.856049101
226.0,99.0,88.5,454801.03847038804,4592896.260783754
226.0,123.0,88.5,454816.9596250349,4592905.38456499
227.0,3.0,88.54166666666667,450522.9867351716,4591267.085303473
227.0,99.0,88.54166666666667,450123.39308348764,4591080.75437835
227.0,123.0,88.54166666666667,449994.1054927781,4591022.595092535
228.0,3.0,88.5,454830.87772306724,4592953.113648913
228.0,99.0,88.5,454308.456641705,4592745.467471862
228.0,123.0,88.5,454232.3658926358,4592720.258602877
229.0,3.0,55.75,2163.6185025970162,20050.573736143582
229.0,99.0,55.75,2162.0047701323488,20035.555460046817
229.0,123.0,55.75,2162.6357883831333,20040.561556956196
230.0,3.0,88.5,454655.6276099979,4592959.339921813
230.0,99.0,88.5,454343.1879466793,4592826.846173448
230.0,123.0,88.5,454290.7832690557,4592814.024293885
231.0,3.0,91.29166666666667,466020.77161466546,4588882.418234712
231.0,99.0,91.375,466341.1158058514,4588794.612447148
231.0,123.0,91.41666666666667,466424.72435040365,4588746.697981423
232.0,3.0,88.5,455383.57959353,4593129.749773462
232.0,99.0,88.5,454987.3233960911,4592992.593564672
232.0,123.0,88.5,455019.90623199916,4593003.802117297
233.0,3.0,88.54166666666667,450982.03369259427,4591291.515226058
233.0,99.0,88.54166666666667,450711.37055454496,4591148.571922112
233.0,123.0,88.54166666666667,450631.5817693819,4591115.282047726
234.0,3.0,88.5,455132.42283177306,4593111.255592881
234.0,99.0,88.45833333333333,454726.6233967768,4592957.260822017
234.0,123.0,88.45833333333333,454646.76581990987,4592930.715719087
235.0,3.0,88.5,452046.2975505965,4591877.169286795
235.0,99.0,88.5,451579.6730260568,4591676.68878319
235.0,123.0,88.5,451433.4574662582,4591606.419679241
236.0,3.0,88.58333333333333,451648.470059652,4591373.051265521
236.0,99.0,88.58333333333333,451163.9080880338,4591063.138169028
236.0,123.0,88.58333333333333,451049.5511107549,4591017.593464842
237.0,3.0,88.5,454785.894340713,4592852.4331621
237.0,99.0,88.5,454565.3814691704,4592745.236845444
237.0,123.0,88.5,454457.0983187282,4592707.487966491
238.0,3.0,88.5,455019.380595985,4593044.480968214
238.0,99.0,88.5,454709.190057071,4592925.17979726
238.0,123.0,88.5,454742.53545558295,4592933.309977797
239.0,3.0,93.79166666666667,449073.84818156203,4589259.500530306
239.0,99.0,93.83333333333333,448992.02103772445,4589194.635682002
239.0,123.0,93.91666666666667,448864.93865318736,4589142.3391417
240.0,3.0,88.5,454587.5139868257,4592910.1612329185
240.0,99.0,88.5,454163.086110997,4592726.706192082
240.0,123.0,88.5,453985.0714163676,4592677.192896767
241.0,3.0,88.5,452225.0809310108,4591863.031577395
241.0,99.0,88.5,451671.8333784202,4591615.673273942
241.0,123.0,88.5,451615.6904350905,4591592.716451524
242.0,3.0,88.5,451471.99269247334,4591577.608887374
242.0,99.0,88.5,451011.1617934789,4591364.134152792
242.0,123.0,88.54166666666667,450880.40120698285,4591305.797354148
243.0,3.0,100.5,473679.0241042145,4589025.1717072055
243.0,99.0,100.58333333333333,473386.5101519418,4588917.532649884
243.0,123.0,100.625,473582.2895816427,4588957.906821864
244.0,3.0,88.5,456229.09672799543,4593433.46666907
244.0,99.0,88.5,455654.61230263684,4593229.54999565
244.0,123.0,88.5,455304.4903899332,4593161.115351623
245.0,3.0,88.95833333333333,446220.89489567705,4587466.108941941
245.0,99.0,88.95833333333333,445932.49622594554,4587267.203285154
245.0,123.0,88.95833333333333,445816.5797543902,4587193.373809582
246.0,3.0,88.5,455756.4848119417,4593277.805940516
246.0,99.0,88.5,455550.3525950426,4593162.927404195
246.0,123.0,88.5,455278.9875455169,4593082.733935671
247.0,3.0,88.54166666666667,450572.58940975525,4591012.779273709
247.0,99.0,88.54166666666667,450432.7180878134,4590931.9079773165
247.0,123.0,88.54166666666667,450447.81298325496,4590946.790201845
248.0,3.0,88.5,455249.127219509,4593071.36032693
248.0,99.0,88.5,455092.8104787114,4592997.202869353
248.0,123.0,88.5,455036.6470894613,4592986.532839806
249.0,3.0,88.5,456677.5746460883,4593565.154476381
249.0,99.0,88.5,456092.6554724821,4593359.205623048
249.0,123.0,88.5,455240.6905058483,4593152.671032734
250.0,3.0,88.5,456268.4069483682,4593462.973340573
250.0,99.0,88.5,455862.6056667311,4593299.941831704
250.0,123.0,88.5,455312.058412819,4593158.344203478
251.0,3.0,88.5,452042.84323006566,4591747.418491617
251.0,99.0,88.5,451805.0857873463,4591636.234414005
251.0,123.0,88.5,451739.66646180593,4591613.224097848
252.0,3.0,88.5,456125.63698044844,4593311.946185352
252.0,99.0,88.5,455958.265675753,4593194.290895605
252.0,123.0,88.5,455737.018206352,4593140.4968822505
253.0,3.0,97.08333333333333,471190.1621511676,4588734.474933585
253.0,99.0,97.16666666666667,470837.4422577367,4588654.966876311
253.0,123.0,97.25,471003.95697009994,4588613.174880649
254.0,3.0,88.5,454555.25283733744,4592848.624623959
254.0,99.0,88.5,454317.2694030238,4592744.649586143
254.0,123.0,88.5,454163.60465049796,4592697.952357912
255.0,3.0,88.5,455459.9467076831,4593203.5561458925
255.0,99.0,88.5,455061.306734182,4593027.908740096
255.0,123.0,88.5,454951.894375078,4592998.469602608
256.0,3.0,88.5,456084.69337797584,4593367.824976681
256.0,99.0,88.5,455834.4829490187,4593264.8946514465
256.0,123.0,88.5,455544.08203747426,4593163.976459864
257.0,3.0,88.5,452148.6519200076,4591818.128389459
257.0,99.0,88.5,451708.68618358835,4591613.7030035835
257.0,123.0,88.5,451546.4155758299,4591546.571977495
258.0,3.0,88.45833333333333,455940.29262174375,4593443.5483930055
258.0,99.0,88.45833333333333,455531.624250068,4593271.216615852
258.0,123.0,88.45833333333333,455512.54578369483,4593271.023049941
259.0,3.0,90.83333333333333,447472.7292165086,4588499.908078897
259.0,99.0,90.91666666666667,447246.4961253368,4588380.714405403
259.0,123.0,90.875,447280.4529650522,4588398.380997652
260.0,3.0,88.625,449112.4386185459,4590521.830398481
260.0,99.0,88.625,449070.26222268166,4590498.371077336
260.0,123.0,88.66666666666667,448787.80783950817,4590340.628008334
261.0,3.0,88.5,454716.3459964281,4592940.60290813
261.0,99.0,88.5,454166.9922958731,4592727.1748914365
261.0,123.0,88.5,454124.6463102794,4592710.511805263
262.0,3.0,89.08333333333333,448149.1283833538,4589532.585001506
262.0,99.0,89.125,447719.05346788635,4589288.963059544
262.0,123.0,89.16666666666667,447722.4435856815,4589289.290632412
263.0,3.0,89.16666666666667,447070.4197436515,4588900.231028793
263.0,99.0,89.25,446565.45879648335,4588619.94038268
263.0,123.0,89.25,446481.9838278541,4588576.735295612
264.0,3.0,98.875,460166.24350862345,4589388.011784118
264.0,99.0,99.04166666666667,460015.3067464173,4589232.553986769
264.0,123.0,99.08333333333333,459979.4492199457,4589255.691865498
265.0,3.0,88.5,455800.95353340043,4593194.934443872
265.0,99.0,88.5,455439.6402060108,4593044.809462601
265.0,123.0,88.5,455436.8849734876,4593041.458034427
266.0,3.0,88.5,455794.01176515914,4593309.93124401
266.0,99.0,88.5,455571.5698477448,4593240.8970071655
266.0,123.0,88.5,455478.28289262863,4593190.061454248
267.0,3.0,88.5,454808.488756045,4592972.243600108
267.0,99.0,88.5,454309.2902617754,4592763.521585196
267.0,123.0,88.5,454211.2880091643,4592741.505357447
268.0,3.0,88.5,455622.6403991496,4593297.358773308
268.0,99.0,88.5,455352.9478754851,4593176.817290375
268.0,123.0,88.5,455379.3386264796,4593174.202130249
269.0,3.0,91.83333333333333,444502.02634115476,4585157.153495956
269.0,99.0,92.0,444150.1061212883,4584904.192844327
269.0,123.0,91.95833333333333,444217.1984552376,4584952.240084993
270.0,3.0,88.5,455311.5920427786,4592988.834614354
270.0,99.0,88.5,455050.91044678295,4592876.943104201
270.0,123.0,88.5,454871.1544725898,4592827.772976179
271.0,3.0,88.5,453658.4538218801,4592492.490016491
271.0,99.0,88.5,453237.9245541398,4592312.495932952
271.0,123.0,88.5,453235.46807698766,4592310.160192021
272.0,3.0,91.875,446283.37126953923,4587270.942132441
272.0,99.0,91.91666666666667,446120.3493320271,4587148.741638911
272.0,123.0,91.95833333333333,446029.82791803975,4587092.613728856
273.0,3.0,88.5,453119.9393089262,4592376.087387734
273.0,99.0,88.5,452866.6267884484,4592263.747661432
273.0,123.0,88.5,452800.0051944571,4592244.474711569
274.0,3.0,88.5,455307.43889702566,4593130.162404246
274.0,99.0,88.5,455016.15942996985,4593031.968671789
274.0,123.0,88.5,454773.88306258514,4592951.504832589
275.0,3.0,88.5,452658.2852092406,4591777.829393333
275.0,99.0,88.5,452406.445030713,4591635.297504459
275.0,123.0,88.5,452415.30567076604,4591645.109313716
276.0,3.0,88.54166666666667,451367.539513548,4591431.141659219
276.0,99.0,88.54166666666667,451002.61042899126,4591252.958849719
276.0,123.0,88.54166666666667,450877.71245083294,4591214.306770228
277.0,3.0,90.91666666666667,447852.5547831742,4588740.298273992
277.0,99.0,91.04166666666667,447492.920962508,4588531.204541755
277.0,123.0,91.08333333333333,447468.3147465595,4588514.93033533
278.0,3.0,96.16666666666667,444091.153173103,4584792.183619307
278.0,99.0,96.0,444263.8916772432,4584881.815359448
278.0,123.0,96.125,444157.1403338028,4584820.329211552
279.0,3.0,88.5,451642.0082878517,4591801.899446229
279.0,99.0,88.5,451132.4848951064,4591564.512531465
279.0,123.0,88.5,451204.2623976432,4591607.666234726
280.0,3.0,88.5,454005.9680663219,4592656.756127469
280.0,99.0,88.5,453619.5277301946,4592488.884617427
280.0,123.0,88.5,453596.52723905654,4592478.149359681
281.0,3.0,88.5,451591.06166376616,4591760.849185771
281.0,99.0,88.5,451501.6656140322,4591699.2627857635
281.0,123.0,88.5,451404.8105579829,4591661.507196183
282.0,3.0,88.54166666666667,451070.5565287869,4591335.206137896
282.0,99.0,88.54166666666667,450570.80047398765,4591086.0413575405
282.0,123.0,88.54166666666667,450585.04323221475,4591097.340218902
283.0,3.0,88.54166666666667,451971.03201912204,4591794.47584153
283.0,99.0,88.54166666666667,451709.11566166463,4591673.711608894
283.0,123.0,88.54166666666667,451702.5898654242,4591674.822662974
284.0,3.0,88.5,451666.84871152445,4591640.169083199
284.0,99.0,88.5,451154.80626019667,4591403.822779514
284.0,123.0,88.5,451162.2498694825,4591411.350996074
285.0,3.0,88.5,455497.2399824269,4593165.454290634
285.0,99.0,88.5,455363.4028487783,4593089.927637084
285.0,123.0,88.5,455162.98786275426,4593030.918130352
286.0,3.0,88.5,456478.12933883554,4593509.9076636
286.0,99.0,88.5,455954.51571498724,4593313.737284161
286.0,123.0,88.5,455846.5004104483,4593284.310863042
287.0,3.0,88.45833333333333,454022.2903439187,4592781.664418941
287.0,99.0,88.45833333333333,453780.85629289225,4592670.544188608
287.0,123.0,88.45833333333333,453686.19157873734,4592642.151373255
288.0,3.0,88.5,456175.66068240954,4593421.525893794
288.0,99.0,88.5,455876.04849940154,4593320.958492277
288.0,123.0,88.5,455634.6063725914,4593212.650594145
289.0,3.0,88.5,453974.8847837028,4592640.609191582
289.0,99.0,88.5,453518.8286660161,4592450.630922252
289.0,123.0,88.5,453530.3606956253,4592459.389081017
290.0,3.0,88.5,456534.55180167576,4593465.904627485
290.0,99.0,88.5,456185.4390235581,4593315.802718284
290.0,123.0,88.5,456028.63290395576,4593267.842790946
291.0,3.0,88.5,453412.37110548094,4592492.62376572
291.0,99.0,88.5,453059.2566953583,4592349.898464739
291.0,123.0,88.5,453046.3928393146,4592344.207009083
292.0,3.0,90.33333333333333,446446.76287846646,4586991.667777809
292.0,99.0,90.33333333333333,446326.4715361442,4586914.433985317
292.0,123.0,90.375,446144.06447273056,4586818.354465587
293.0,3.0,101.95833333333333,459942.7875065485,4591600.906807395
293.0,99.0,102.125,459894.94432950544,4591514.880977841
293.0,123.0,102.20833333333333,459758.5382279315,4591493.189986141
294.0,3.0,88.5,454949.432106467,4592896.59231424
294.0,99.0,88.5,454584.113189885,4592748.519532833
294.0,123.0,88.5,454564.64654926315,4592744.547953254
295.0,3.0,100.29166666666667,451885.08807956066,4591301.243245421
295.0,99.0,100.41666666666667,451731.44969100715,4591214.755691152
295.0,123.0,100.41666666666667,451773.4551134247,4591235.992589314
296.0,3.0,90.25,447405.73582160054,4588459.085650152
296.0,99.0,90.33333333333333,447113.006331922,4588290.416523233
296.0,123.0,90.375,447104.374640135,4588271.459773467
297.0,3.0,88.5,452901.180103539,4592099.641804031
297.0,99.0,88.5,452641.636317953,4591979.479028797
297.0,123.0,88.5,452550.65773601,4591953.263024387
298.0,3.0,88.5,456459.65621342,4593425.8329655435
298.0,99.0,88.5,456147.72556718404,4593299.081086872
298.0,123.0,88.5,455714.5994621747,4593166.822909547
299.0,3.0,88.58333333333333,451435.9001223253,4591313.950753983
299.0,99.0,88.58333333333333,451207.8233156834,4591186.151387053
299.0,123.0,88.58333333333333,451254.0886493592,4591206.476684702
300.0,3.0,88.54166666666667,451603.75865389034,4591686.774516646
300.0,99.0,88.54166666666667,451267.0840070549,4591552.173059072
300.0,123.0,88.54166666666667,451026.6033094297,4591447.328579778
301.0,3.0,88.5,453420.39963245904,4592421.025199295
301.0,99.0,88.5,453148.2653541728,4592298.291407768
301.0,123.0,88.5,453076.95158568013,4592281.845280978
302.0,3.0,94.875,438020.96298667055,4581495.410460071
302.0,99.0,95.0,437831.67762208206,4581342.138860105
302.0,123.0,95.04166666666667,437711.53480137244,4581258.145275721
303.0,3.0,88.5,453911.856060902,4592456.6573271435
303.0,99.0,88.5,453824.67656354216,4592395.792535914
303.0,123.0,88.5,453735.53333919076,4592361.369007541
304.0,3.0,88.5,453447.7648065295,4592495.244937554
304.0,99.0,88.45833333333333,453243.8972623321,4592404.127651187
304.0,123.0,88.5,453058.10757696186,4592332.395500176
305.0,3.0,88.5,452348.1616121753,4591967.005898057
305.0,99.0,88.5,451927.8664848936,4591769.54407979
305.0,123.0,88.5,451955.481747923,4591787.935130252
306.0,3.0,88.5,454452.8839774671,4592617.227640481
306.0,99.0,88.5,454268.7315505704,4592519.318450334
306.0,123.0,88.5,454176.96824340033,4592484.6413509175
307.0,3.0,88.58333333333333,449681.4612521556,4590282.781185079
307.0,99.0,88.58333333333333,449402.370366918,4590144.283242926
307.0,123.0,88.625,449309.9907387479,4590094.184095186
308.0,3.0,88.5,453676.0385236206,4592588.051792862
308.0,99.0,88.5,453318.2725590401,4592449.293127833
308.0,123.0,88.5,453229.1063498671,4592407.135303015
309.0,3.0,93.0,444167.7274191171,4584977.512083374
309.0,99.0,93.0,444218.9128722863,4584985.908408398
309.0,123.0,92.95833333333333,444310.6388112943,4585041.550379361
310.0,3.0,88.5,456042.10595537873,4593336.6159714125
310.0,99.0,88.5,455854.32174564316,4593259.930583904
310.0,123.0,88.5,455660.60275785264,4593203.33031098
311.0,3.0,88.5,455556.2966998209,4593243.750842404
311.0,99.0,88.5,455270.3287376624,4593110.585564909
311.0,123.0,88.5,454980.25551428256,4593026.97408108
312.0,3.0,88.5,455365.2948578143,4593243.477968715
312.0,99.0,88.5,455238.5370162691,4593168.933200661
312.0,123.0,88.5,455101.66365403536,4593101.655180146
313.0,3.0,88.5,455612.01385243883,4593143.324215517
313.0,99.0,88.5,455187.25492779806,4592967.964591353
313.0,123.0,88.5,455093.03054437885,4592946.191708924
314.0,3.0,96.625,446938.2714822881,4587297.946829841
314.0,99.0,96.79166666666667,446724.6405954389,4587178.606849942
314.0,123.0,96.75,446747.67079258594,4587183.4965812825
315.0,3.0,88.5,453554.921922679,4592495.038711334
315.0,99.0,88.5,453025.119185138,4592268.69568262
315.0,123.0,88.5,452919.5415312905,4592237.7464957265
316.0,3.0,88.5,455869.26630799595,4593324.368784189
316.0,99.0,88.5,455708.076603327,4593244.375843831
316.0,123.0,88.5,455375.794453714,4593147.225251795
317.0,3.0,88.5,456215.16617211315,4593359.357620546
317.0,99.0,88.5,455831.5209251794,4593219.782653881
317.0,123.0,88.5,455667.03787731595,4593181.75048357
318.0,3.0,89.95833333333333,446687.42028903286,4588078.178370225
318.0,99.0,90.04166666666667,446443.2542450876,4587898.233417784
318.0,123.0,90.0,446425.55637146294,4587908.833459668
319.0,3.0,88.5,453823.03126041323,4592562.638396149
319.0,99.0,88.5,453679.0663908648,4592480.678747639
319.0,123.0,88.5,453609.4714283885,4592468.217502685
320.0,3.0,88.45833333333333,455902.6827242209,4593468.971096471
320.0,99.0,88.45833333333333,455206.15761824406,4593214.423867948
320.0,123.0,88.45833333333333,455069.5038209901,4593138.590469234
321.0,3.0,110.75,459187.25898660533,4587998.6306842575
321.0,99.0,111.08333333333333,458823.3497610024,4587764.100953615
321.0,123.0,111.0,458973.40597712784,4587861.327980456
322.0,3.0,90.0,462623.6578714015,4590743.971454171
322.0,99.0,90.125,462333.35718292143,4590510.156375498
322.0,123.0,90.08333333333333,462412.9669623954,4590611.889144318
323.0,3.0,102.70833333333333,453231.1530102587,4592138.44700234
323.0,99.0,102.79166666666667,453131.936480431,4592078.643116657
323.0,123.0,102.95833333333333,452992.7902081064,4592034.240880586
324.0,3.0,88.5,453768.9906060004,4592444.274442583
324.0,99.0,88.5,453368.30562826083,4592272.604828641
324.0,123.0,88.5,453390.72473975224,4592288.502144264
325.0,3.0,102.04166666666667,451241.53966266406,4591204.46703574
325.0,99.0,102.29166666666667,450979.75082224584,4591076.517355662
325.0,123.0,102.33333333333333,450976.9718813977,4591080.166259626
326.0,3.0,88.5,454001.5228150315,4592530.019144978
326.0,99.0,88.5,453664.5145382191,4592386.2247656435
326.0,123.0,88.5,453654.4615423119,4592390.34280847
327.0,3.0,95.08333333333333,457982.7181710629,4586305.393602511
327.0,99.0,95.125,457906.86857370485,4586212.517852354
327.0,123.0,95.20833333333333,457805.3659945056,4586156.611150656
328.0,3.0,88.5,455662.54172541655,4593267.751049417
328.0,99.0,88.5,455290.78290065966,4593110.979653694
328.0,123.0,88.5,455088.98389048374,4593051.206242848
329.0,3.0,101.375,466572.5896034625,4585919.017633477
329.0,99.0,101.45833333333333,466499.432238166,4585878.125919707
329.0,123.0,101.54166666666667,466466.9245220368,4585801.653248904
330.0,3.0,88.5,456990.82977899374,4593583.809080594
330.0,99.0,88.5,456482.27165318374,4593430.559026275
330.0,123.0,88.5,456429.3496525066,4593384.765968714
331.0,3.0,88.91666666666667,449277.8840704018,4589964.296565208
331.0,99.0,88.91666666666667,449008.22630829224,4589801.327369127
331.0,123.0,88.91666666666667,448925.39266104304,4589761.664488807
332.0,3.0,94.33333333333333,462063.12542077585,4587604.079883424
332.0,99.0,94.45833333333333,461855.50403406937,4587431.984030934
332.0,123.0,94.45833333333333,461857.6069769359,4587434.256937338
333.0,3.0,88.5,455866.2451608594,4593203.265989335
333.0,99.0,88.5,455567.4850307291,4593084.5673754625
333.0,123.0,88.5,455555.8596067453,4593078.648230165
334.0,3.0,88.5,456771.8166809928,4593453.407870777
334.0,99.0,88.5,456434.50370842346,4593329.431075951
334.0,123.0,88.5,456366.7908867188,4593307.195720362
335.0,3.0,88.5,455642.23926028574,4593310.274865923
335.0,99.0,88.5,455477.57920012326,4593220.223531314
335.0,123.0,88.5,455279.82699157594,4593161.675888293
336.0,3.0,88.5,455670.7545460009,4593282.940040132
336.0,99.0,88.45833333333333,455341.19078082906,4593142.538622939
336.0,123.0,88.5,455251.6141398213,4593122.287143614
337.0,3.0,88.58333333333333,451252.7969940363,4591271.398819417
337.0,99.0,88.58333333333333,450805.96371278365,4591032.250492165
337.0,123.0,88.58333333333333,450758.3174277636,4591013.325149247
338.0,3.0,88.5,452103.8807356376,4591899.001029709
338.0,99.0,88.5,451594.71724051517,4591633.145765102
338.0,123.0,88.58333333333333,450785.84479473636,4591160.565385584
339.0,3.0,88.5,456201.8067622596,4593377.838490314
339.0,99.0,88.5,456106.26355694607,4593306.745687474
339.0,123.0,88.5,456057.8060118607,4593283.160592451
340.0,3.0,88.5,455429.41632795375,4593150.3038087
340.0,99.0,88.5,455194.11085063725,4593062.075664833
340.0,123.0,88.5,455206.39684669103,4593074.773983126
341.0,3.0,103.54166666666667,453721.07661545667,4582501.583951427
341.0,99.0,103.70833333333333,453543.6951092996,4582244.917651009
341.0,123.0,103.70833333333333,453559.5039948189,4582315.096480883
342.0,3.0,88.5,454350.38218649593,4592669.522588549
342.0,99.0,88.5,454083.32930457126,4592548.36851764
342.0,123.0,88.5,454009.43586440355,4592530.508188358
343.0,3.0,88.5,455089.4990089291,4593028.569575865
343.0,99.0,88.5,454857.89005775517,4592920.947808855
343.0,123.0,88.5,454761.3078537825,4592906.201982388
344.0,3.0,88.45833333333333,452553.04216501594,4591950.423392765
344.0,99.0,88.45833333333333,452195.29844526085,4591783.694883015
344.0,123.0,88.45833333333333,452157.9808263885,4591763.928110329
345.0,3.0,90.20833333333333,446429.2547757925,4586665.069766397
345.0,99.0,90.33333333333333,445984.7344370913,4586367.267361587
345.0,123.0,90.33333333333333,445975.8014238356,4586352.781019722
346.0,3.0,88.45833333333333,453427.32901475456,4592450.808080781
346.0,99.0,88.45833333333333,453199.975036499,4592341.510019144
346.0,123.0,88.45833333333333,453126.7214769254,4592313.644651674
347.0,3.0,91.83333333333333,440229.8346017782,4584301.262189017
347.0,99.0,91.83333333333333,440098.3436904031,4584206.496722743
347.0,123.0,91.875,440010.66519511875,4584174.595153817
348.0,3.0,88.45833333333333,456073.4006008595,4593497.05816419
348.0,99.0,88.45833333333333,455799.1732948477,4593359.933948653
348.0,123.0,88.45833333333333,455724.6925728328,4593336.364755247
349.0,3.0,88.5,453625.5145684557,4592469.493380757
349.0,99.0,88.5,453350.7129973829,4592331.327185357
349.0,123.0,88.5,453187.64664161997,4592280.833815574
350.0,3.0,88.5,456304.1136111956,4593408.96844539
350.0,99.0,88.5,456008.7451930961,4593299.29227015
350.0,123.0,88.5,455778.1473309319,4593216.670581848
351.0,3.0,88.5,460553.8450332344,4594372.756210333
351.0,99.0,88.54166666666667,461661.8053203667,4594511.891499579
351.0,123.0,88.625,465813.87516774103,4594793.3304419685
352.0,3.0,104.45833333333333,457979.36566136824,4585528.998891151
352.0,99.0,104.58333333333333,457931.42730326514,4585443.217309581
352.0,123.0,104.625,457804.3605431338,4585386.5527920555
353.0,3.0,88.5,456382.0916509128,4593496.334908336
353.0,99.0,88.5,455941.355621231,4593318.607783212
353.0,123.0,88.5,455814.4084879377,4593290.058641136
354.0,3.0,98.83333333333333,438209.7521124743,4582463.72503734
354.0,99.0,98.95833333333333,437958.07239903667,4582283.197576851
354.0,123.0,99.08333333333333,437931.1831924245,4582271.0183626395
355.0,3.0,88.5,452994.78683082224,4592324.225998959
355.0,99.0,88.5,452757.1116003159,4592212.559860618
355.0,123.0,88.5,452689.2192155106,4592194.242206775
356.0,3.0,94.33333333333333,437820.098241579,4581721.806602744
356.0,99.0,94.45833333333333,437683.104845303,4581617.266488448
356.0,123.0,94.54166666666667,437465.39820040856,4581465.740873259
357.0,3.0,88.5,457096.10039488476,4593589.882373999
357.0,99.0,88.5,456480.77173794917,4593372.364276399
357.0,123.0,88.5,456240.6500940956,4593310.461491184
358.0,3.0,88.5,455897.5442613901,4593373.07639106
358.0,99.0,88.5,455663.1388975817,4593241.70175308
358.0,123.0,88.5,455379.82924250496,4593166.933153357
359.0,3.0,88.5,455605.80638447066,4593286.2638092935
359.0,99.0,88.5,455587.1594447708,4593264.584295476
359.0,123.0,88.5,455209.1908310781,4593124.988764923
360.0,3.0,90.54166666666667,441769.12371983484,4582998.881582577
360.0,99.0,90.54166666666667,441838.63595993957,4583047.362311395
360.0,123.0,90.5,441867.04199088213,4583067.851662208
361.0,3.0,88.54166666666667,451271.82759740856,4591261.5418386785
361.0,99.0,88.54166666666667,450965.17027058924,4591122.109055367
361.0,123.0,88.54166666666667,450965.63745998184,4591129.961718482
362.0,3.0,88.66666666666667,448113.54822812113,4589455.924025359
362.0,99.0,88.66666666666667,447708.90415745415,4589231.23383784
362.0,123.0,88.66666666666667,447639.52059402084,4589192.492846212
363.0,3.0,88.54166666666667,453326.98698529863,4592204.852692795
363.0,99.0,88.54166666666667,453446.9616696057,4592230.949311119
363.0,123.0,88.5,453291.0074663285,4592204.47619076
364.0,3.0,88.5,454985.13289147674,4593047.404993133
364.0,99.0,88.5,454772.53107891814,4592960.599263413
364.0,123.0,88.5,454399.758268537,4592823.798063753
365.0,3.0,97.125,448760.429095926,4589225.73435479
365.0,99.0,97.04166666666667,448979.80839086394,4589325.258756094
365.0,123.0,97.0,449060.2982064,4589359.934719112
366.0,3.0,88.5,454564.8520203213,4592860.312924736
366.0,99.0,88.5,454217.2312627662,4592719.085169963
366.0,123.0,88.5,454216.32881089795,4592728.815959274
367.0,3.0,88.5,456089.76809793914,4593149.759224018
367.0,99.0,88.5,455661.3285241802,4592996.017474113
367.0,123.0,88.5,455735.7464159487,4593015.408869993
368.0,3.0,98.04166666666667,464191.53598826664,4583306.276987159
368.0,99.0,98.16666666666667,464192.7976269634,4583139.571731819
368.0,123.0,98.125,464087.3249071236,4583184.651613043
369.0,3.0,89.54166666666667,448727.7469960494,4589303.832817602
369.0,99.0,89.625,448357.5584529959,4589084.9613177525
369.0,123.0,89.625,448395.00398169056,4589105.0364768095
370.0,3.0,88.95833333333333,449998.80008385214,4590670.518339153
370.0,99.0,89.0,449614.72320581187,4590449.3253957555
370.0,123.0,89.04166666666667,449554.3079394369,4590411.7506313175
371.0,3.0,88.66666666666667,449791.07005550084,4590475.309849033
371.0,99.0,88.66666666666667,449568.7543927947,4590355.410561511
371.0,123.0,88.70833333333333,449392.8658306962,4590256.997617845
372.0,3.0,88.45833333333333,454937.16262919456,4593096.83108528
372.0,99.0,88.45833333333333,454692.1909783815,4592994.822860172
372.0,123.0,88.45833333333333,454581.16270263755,4592961.254967598
373.0,3.0,88.45833333333333,456435.62268657435,4593560.870748374
373.0,99.0,88.45833333333333,456476.44996528304,4593463.812979477
373.0,123.0,88.45833333333333,456388.3421932793,4593403.744754392
374.0,3.0,88.54166666666667,451440.0991691047,4591530.160299172
374.0,99.0,88.54166666666667,450966.21889339073,4591311.646945678
374.0,123.0,88.54166666666667,450920.2596888049,4591295.145032141
375.0,3.0,88.625,448587.13231950614,4590191.063619208
375.0,99.0,88.625,448543.3314950321,4590160.64627655
375.0,123.0,88.625,448091.9528710288,4589936.4239896005
376.0,3.0,88.5,455951.8796033079,4593233.174528856
376.0,99.0,88.5,455697.8591185419,4593139.169246768
376.0,123.0,88.5,455527.6908592121,4593105.261947639
377.0,3.0,94.58333333333333,463853.8595066122,4590596.411926698
377.0,99.0,94.70833333333333,463611.0164938979,4590459.063770686
377.0,123.0,94.75,463679.4223291572,4590469.5971767595
378.0,3.0,88.5,453253.1020236588,4592358.73181143
378.0,99.0,88.5,452946.03225131263,4592224.9121052325
378.0,123.0,88.5,452946.22770987113,4592226.70930992
379.0,3.0,88.54166666666667,451359.32287431735,4591644.293755982
379.0,99.0,88.54166666666667,451221.0860178473,4591559.980577336
379.0,123.0,88.54166666666667,450957.32638278534,4591461.076792872
380.0,3.0,88.5,454743.28212395066,4592930.03046387
380.0,99.0,88.5,454317.2035272849,4592744.41162427
380.0,123.0,88.5,454208.689196689,4592718.93077772
381.0,3.0,88.5,453443.0153639073,4592565.035613937
381.0,99.0,88.5,453267.2412204661,4592467.676244574
381.0,123.0,88.5,452997.00064210326,4592389.081774212
382.0,3.0,88.5,455972.2395511162,4593364.334523967
382.0,99.0,88.5,455503.9951215191,4593157.033171244
382.0,123.0,88.5,455537.61636119883,4593162.399598005
383.0,3.0,88.5,455587.35685340926,4593231.900398498
383.0,99.0,88.5,455195.1880934738,4593076.040332371
383.0,123.0,88.5,455031.8582621236,4593034.925066207
384.0,3.0,88.45833333333333,455876.7273925255,4593405.857102338
384.0,99.0,88.45833333333333,455558.97024494456,4593237.221404437
384.0,123.0,88.45833333333333,455632.5881332268,4593282.345207732
385.0,3.0,88.5,455530.340274759,4593240.077957902
385.0,99.0,88.5,455204.426569303,4593093.887291358
385.0,123.0,88.5,454955.8141500242,4593022.455056435
386.0,3.0,88.5,454777.04361287964,4592852.766345471
386.0,99.0,88.5,454558.4606183718,4592732.215928767
386.0,123.0,88.5,454515.0563189342,4592726.810402624
387.0,3.0,88.54166666666667,457681.06218663155,4593177.118877814
387.0,99.0,88.54166666666667,457515.6761375692,4593148.3324547615
387.0,123.0,88.54166666666667,457087.1872419055,4593046.69947611
388.0,3.0,88.66666666666667,452160.1015102212,4590780.301570917
388.0,99.0,88.66666666666667,451877.15260899725,4590642.35655494
388.0,123.0,88.66666666666667,451844.7189105974,4590605.690761447
389.0,3.0,88.5,455222.33871732187,4593079.6708680475
389.0,99.0,88.5,454897.99892702827,4592953.619584372
389.0,123.0,88.5,454774.3038156391,4592912.026582875
390.0,3.0,88.54166666666667,451737.9403879599,4591587.735658787
390.0,99.0,88.54166666666667,451480.0441045251,4591467.517116435
390.0,123.0,88.54166666666667,451346.3143114033,4591413.439798603
391.0,3.0,88.5,454557.4235744326,4592918.019194532
391.0,99.0,88.5,454163.5476790217,4592762.1753071025
391.0,123.0,88.5,454195.21735434944,4592776.95547355
392.0,3.0,94.70833333333333,438532.0461475608,4582023.328342786
392.0,99.0,94.875,438269.52421580686,4581823.281215215
392.0,123.0,94.91666666666667,438222.69656424515,4581795.549912872
393.0,3.0,88.5,453902.7234798005,4592561.204183383
393.0,99.0,88.5,453631.6321800364,4592437.153298596
393.0,123.0,88.5,453537.68692573905,4592408.619677832
394.0,3.0,88.45833333333333,452178.8020252304,4592062.830987582
394.0,99.0,88.45833333333333,451819.8637525722,4591897.145796302
394.0,123.0,88.45833333333333,451787.31091368914,4591893.83122088
